﻿<?xml version="1.0" encoding="utf-8"?>
<!DOCTYPE metadata SYSTEM "http://thor-f5.er.usgs.gov/ngtoc/metadata/fgdc-std-001-1998.dtd"[]>
<metadata>
  <idinfo>
    <citation>
      <citeinfo>
        <origin>U.S. Geological Survey, National Geospatial Technical Operations Center</origin>
        <pubdate>20171118</pubdate>
        <title>USGS National Structures Dataset (NSD) for Alaska 20171118 State or Territory Shapefile</title>
        <geoform>vector digital data</geoform>
        <pubinfo>
          <pubplace>Reston, VA</pubplace>
          <publish>U.S. Geological Survey</publish>
        </pubinfo>
        <onlink>ftp://rockyftp.cr.usgs.gov/vdelivery/Datasets/Staged/Struct/Shape/STRUCT_Alaska_State_Shape.zip</onlink>
      </citeinfo>
    </citation>
    <descript>
      <abstract>Geospatial data includes structures and other selected map features.</abstract>
      <purpose>It is a general purpose dataset for users who are not GIS experts. The geospatial data are from selected National Map data holdings and other government sources.</purpose>
      <supplinf>Features of this dataset are various private and public man-made structures and installations.</supplinf>
    </descript>
    <timeperd>
      <timeinfo>
        <rngdates>
          <begdate>20111109</begdate>
          <enddate>20170912</enddate>
        </rngdates>
      </timeinfo>
      <current>publication date</current>
    </timeperd>
    <status>
      <progress>Complete</progress>
      <update>Irregular</update>
    </status>
    <spdom>
      <bounding>
        <westbc>-179.231086</westbc>
        <eastbc>179.859681</eastbc>
        <northbc>71.4410590000001</northbc>
        <southbc>51.1750920000001</southbc>
      </bounding>
    </spdom>
    <keywords>
      <theme>
        <themekt>ISO 19115 Topic Category</themekt>
        <themekey>structure</themekey>
      </theme>
      <theme>
        <themekt>None</themekt>
        <themekey>Fire Station/ EMS Station</themekey>
        <themekey>Hospital/Medical Center</themekey>
        <themekey>Law Enforcement</themekey>
        <themekey>Prison/ Correctional Facility</themekey>
        <themekey>School</themekey>
        <themekey>College / University</themekey>
        <themekey>School:Elementary</themekey>
        <themekey>School:High School</themekey>
        <themekey>School:Middle School</themekey>
        <themekey>Technical School</themekey>
        <themekey>Trade School</themekey>
        <themekey>State Capitol</themekey>
        <themekey>Campground</themekey>
        <themekey>Trailhead</themekey>
        <themekey>Visitor Center</themekey>
        <themekey>Information Center</themekey>
        <place>
          <placekt>Geographic Names Information System</placekt>
          <placekey>US</placekey>
          <placekey>United States</placekey>
          <placekey>AK</placekey>
          <placekey>Alaska</placekey>
          <placekey>Aleutians WestCounty</placekey>
          <placekey>Southeast FairbanksCounty</placekey>
          <placekey>Northwest ArcticCounty</placekey>
          <placekey>Aleutians EastCounty</placekey>
          <placekey>AnchorageCounty</placekey>
          <placekey>HainesCounty</placekey>
          <placekey>Matanuska-SusitnaCounty</placekey>
          <placekey>Fairbanks North StarCounty</placekey>
          <placekey>Prince of Wales-HyderCounty</placekey>
          <placekey>YakutatCounty</placekey>
          <placekey>DillinghamCounty</placekey>
          <placekey>North SlopeCounty</placekey>
          <placekey>WrangellCounty</placekey>
          <placekey>Bristol BayCounty</placekey>
          <placekey>SitkaCounty</placekey>
          <placekey>JuneauCounty</placekey>
          <placekey>BethelCounty</placekey>
          <placekey>KusilvakCounty</placekey>
          <placekey>Lake and PeninsulaCounty</placekey>
          <placekey>SkagwayCounty</placekey>
          <placekey>Ketchikan GatewayCounty</placekey>
          <placekey>NomeCounty</placekey>
          <placekey>Hoonah-AngoonCounty</placekey>
          <placekey>PetersburgCounty</placekey>
          <placekey>Kenai PeninsulaCounty</placekey>
          <placekey>DenaliCounty</placekey>
          <placekey>Valdez-CordovaCounty</placekey>
          <placekey>Kodiak IslandCounty</placekey>
          <placekey>Yukon-KoyukukCounty</placekey>
        </place>
      </theme>
      <place>
        <placekt>The National Map Place Thesaurus</placekt>
        <placekey>US</placekey>
      </place>
    </keywords>
    <accconst>None</accconst>
    <useconst>None. However, users should be aware that temporal changes may have occurred since this data set was collected and that some parts of this data may no longer represent actual surface conditions. Users should not use this data for critical applications without a full awareness of its limitations. Acknowledgment of the U.S. Geological Survey would be appreciated for products derived from these data.</useconst>
    <browse>
      <browsen>ftp://rockyftp.cr.usgs.gov/vdelivery/Datasets/Staged/Struct/Shape/STRUCT_Alaska_State_Shape.jpg</browsen>
      <browsed>Thumbnail JPG image</browsed>
      <browset>JPEG</browset>
    </browse>
  </idinfo>
  <dataqual>
    <attracc>
      <attraccr>Content is derived from USGS national geospatial databases. The data is owned and hosted by the USGS, but does not preclude using data sources owned and hosted by other organizations, provided that these sources have been approved by the USGS data program.</attraccr>
    </attracc>
    <logic>This data is compiled and updated by the USGS according to USGS standards.</logic>
    <complete>Each layer is extracted from the USGS national geospatial databases.</complete>
    <posacc>
      <horizpa>
        <horizpar>This USGS product is compiled to meet National Map Accuracy Standards (NMAS). NMAS horizontal accuracy requires that at least 90 percent of well-defined points tested are within 0.02 inch of the true position.</horizpar>
      </horizpa>
      <vertacc>
        <vertaccr>Vertical accuracy is not applicable to this dataset.</vertaccr>
      </vertacc>
    </posacc>
    <lineage>
      <srcinfo>
        <srccite>
          <citeinfo>
            <origin>Federal land management agencies</origin>
            <pubdate>20171118</pubdate>
            <title>Points of Interest</title>
            <geoform>vector digital data</geoform>
            <othercit>Includes campgrounds, trailheads, visitor centers. Point data was provided by various federal agencies, such as NPS, US Forest Service, BLM, US FWS.</othercit>
            <onlink>http://nationalmap.usgs.gov</onlink>
          </citeinfo>
        </srccite>
        <srcscale>24000</srcscale>
        <typesrc>digital data</typesrc>
        <srctime>
          <timeinfo>
            <rngdates>
              <begdate>2016</begdate>
              <enddate>2016</enddate>
            </rngdates>
          </timeinfo>
          <srccurr>ground condition</srccurr>
        </srctime>
        <srccitea>Structures - various</srccitea>
        <srccontr>Geographic features and feature names</srccontr>
      </srcinfo>
      <srcinfo>
        <srccite>
          <citeinfo>
            <origin>State and Federal Partners, updates from USGS' The National Map Corps volunteers </origin>
            <pubdate>20171118</pubdate>
            <title>Fire Stations</title>
            <geoform>Vector digital data</geoform>
            <othercit>Any location where fire fighters are stationed or based out of, or where equipment that such personnel use in carrying out their jobs is stored for ready use. Fire Departments which are Mobile Units and not having a permanent location, are included, in which case their location has been depicted at the city/town hall or at the center of their service area if a city/town hall does not exist. This dataset includes those locations primarily engaged in forest or grasslands fire fighting, including fire lookout towers if the towers are in current use for fire protection purposes. This dataset includes both private and governmental entities. Locations that serve only administrative function are excluded. Locations serving both administrative and operational functions are included.</othercit>
            <onlink>http://nationalmap.usgs.gov</onlink>
          </citeinfo>
        </srccite>
        <srcscale>24000</srcscale>
        <typesrc>None</typesrc>
        <srctime>
          <timeinfo>
            <rngdates>
              <begdate>20060101</begdate>
              <enddate>20120101</enddate>
            </rngdates>
          </timeinfo>
          <srccurr>ground condition</srccurr>
        </srctime>
        <srccitea>Structures - Fire Stations</srccitea>
        <srccontr>Geographic features and feature names</srccontr>
      </srcinfo>
      <srcinfo>
        <srccite>
          <citeinfo>
            <origin> State and Federal Partners, updates from USGS' The National Map Corps volunteers</origin>
            <pubdate>20171118</pubdate>
            <title>Law Enforcement</title>
            <geoform>Vector digital data</geoform>
            <othercit>Included are locations where sworn officers of a law enforcement agency are regularly based or stationed. This dataset includes local police, county sheriff's offices, state police or highway patrol locations. Most federal law enforcement agency locations are not included.</othercit>
            <onlink>http://nationalmap.usgs.gov</onlink>
          </citeinfo>
        </srccite>
        <srcscale>24000</srcscale>
        <typesrc>None</typesrc>
        <srctime>
          <timeinfo>
            <rngdates>
              <begdate>20051019</begdate>
              <enddate>20150203</enddate>
            </rngdates>
          </timeinfo>
          <srccurr>ground condition</srccurr>
        </srctime>
        <srccitea>Structures - Law Enforcement</srccitea>
        <srccontr> Geographic features and feature names</srccontr>
      </srcinfo>
      <srcinfo>
        <srccite>
          <citeinfo>
            <origin> State and Federal Partners, updates from USGS' The National Map Corps volunteers</origin>
            <pubdate>20171118</pubdate>
            <title>Prisons/Correctional Facility</title>
            <geoform>Vector digital data</geoform>
            <othercit>Includes both private and government medium and high security prisons and correctional institutions. Low and minimum security institutions such as local jails, prison camps, correctional farms or work farms, detention and treatment centers are generally excluded.</othercit>
            <onlink>http://nationalmap.usgs.gov</onlink>
          </citeinfo>
        </srccite>
        <srcscale>24000</srcscale>
        <typesrc>None</typesrc>
        <srctime>
          <timeinfo>
            <rngdates>
              <begdate>20070803</begdate>
              <enddate>20150203</enddate>
            </rngdates>
          </timeinfo>
          <srccurr>ground condition</srccurr>
        </srctime>
        <srccitea>Structures - Prisons/Correctional Facility</srccitea>
        <srccontr> Geographic features and feature names</srccontr>
      </srcinfo>
      <srcinfo>
        <srccite>
          <citeinfo>
            <origin>State and Federal Partners, updates from USGS' The National Map Corps volunteers </origin>
            <pubdate>20171118</pubdate>
            <title>Schools</title>
            <geoform>Vector digital data</geoform>
            <othercit>The schools within this dataset are composed of Public elementary and secondary education in the US as defined and tracked by the National Center for Education Statistics (NCES), Common Core Dataset (CCD). Private schools in this dataset are composed of Private elementary and secondary education in the US as defined by the Private School Survey, NCES. The colleges and Universities are composed of postsecondary education facilities as defined by the Integrated Post Secondary Education System (IPEDS), NCES. Included are Doctoral and Research Universities, Masters Colleges and Universities, Baccalaureate Colleges, Associates Colleges, Theological seminaries, Medical schools and other health care professions, schools of engineering and technology, business and management, art, music, design, Law schools, Teachers colleges, Tribal colleges and other specialized institutions.</othercit>
            <onlink>http://nationalmap.usgs.gov</onlink>
          </citeinfo>
        </srccite>
        <srcscale>24000</srcscale>
        <typesrc>None</typesrc>
        <srctime>
          <timeinfo>
            <rngdates>
              <begdate>20080101</begdate>
              <enddate>20080101</enddate>
            </rngdates>
          </timeinfo>
          <srccurr>ground condition</srccurr>
        </srctime>
        <srccitea>Structures - Schools</srccitea>
        <srccontr>Geographic features and feature names</srccontr>
      </srcinfo>
      <srcinfo>
        <srccite>
          <citeinfo>
            <origin>State and Federal Partners, updates from USGS' The National Map Corps volunteers </origin>
            <pubdate>20171118</pubdate>
            <title>Hospitals</title>
            <geoform>Vector digital data</geoform>
            <othercit>Includes general medical and surgical hospitals, psychiatric, substance abuse and specialty hospitals such as Children's hospitals, cancer, maternity and rehabilitation hospitals. Other types of hospitals are included if represented in data sets provided by various partners for this compilation. Hospitals operated by the US Department of Veterans Affairs are included. Nursing homes, long term care facilities and Urgent Care facilities are generally excluded. Locations that are administrative offices only are excluded from the dataset.</othercit>
            <onlink>http://nationalmap.usgs.gov</onlink>
          </citeinfo>
        </srccite>
        <srcscale>24000</srcscale>
        <typesrc>None</typesrc>
        <srctime>
          <timeinfo>
            <rngdates>
              <begdate>20060101</begdate>
              <enddate>20110101</enddate>
            </rngdates>
          </timeinfo>
          <srccurr>ground condition</srccurr>
        </srctime>
        <srccitea>Structures - Hospitals</srccitea>
        <srccontr>Geographic features and feature names</srccontr>
      </srcinfo>
      <srcinfo>
        <srccite>
          <citeinfo>
            <origin>State government websites</origin>
            <pubdate>20171118</pubdate>
            <title>State Capitol building</title>
            <geoform>vector digital data</geoform>
            <othercit>Includes the official State Capitol buildings for the U.S. states and territories.</othercit>
            <onlink>http://nationalmap.gov</onlink>
          </citeinfo>
        </srccite>
        <srcscale>24000</srcscale>
        <typesrc>digital data</typesrc>
        <srctime>
          <timeinfo>
            <rngdates>
              <begdate>2014</begdate>
              <enddate>2014</enddate>
            </rngdates>
          </timeinfo>
          <srccurr>ground condition</srccurr>
        </srctime>
        <srccitea>Structures - State Capitol building</srccitea>
        <srccontr>Geographic feature and feature name</srccontr>
      </srcinfo>
      <procstep>
        <procdesc>The data for this product are created as follows. All geospatial content is taken from national geospatial databases under the stewardship of USGS data programs. The vector data are processed using ESRI ArcGIS software and exported. Map formatting is performed using a custom application, which includes post-processing to embed the metadata XML document.</procdesc>
        <procdate>20171118</procdate>
      </procstep>
    </lineage>
  </dataqual>
  <spdoinfo>
    <direct>Vector</direct>
    <ptvctinf>
      <sdtsterm>
        <sdtstype>Entity point</sdtstype>
        <ptvctcnt>69</ptvctcnt>
      </sdtsterm>
    </ptvctinf>
  </spdoinfo>
  <spref>
    <horizsys>
      <geograph>
        <latres>0.00001</latres>
        <longres>0.00001</longres>
        <geogunit>Decimal degrees</geogunit>
      </geograph>
      <geodetic>
        <horizdn>North American Datum of 1983</horizdn>
        <ellips>Geodetic Reference System 80</ellips>
        <semiaxis>6378137</semiaxis>
        <denflat>298.2572221</denflat>
      </geodetic>
    </horizsys>
  </spref>
  <distinfo>
    <distrib>
      <cntinfo>
        <cntorgp>
          <cntorg>U.S. Geological Survey, National Geospatial Technical Operations Center</cntorg>
        </cntorgp>
        <cntaddr>
          <addrtype>mailing and physical</addrtype>
          <address>1400 Independence Road</address>
          <city>Rolla</city>
          <state>MO</state>
          <postal>65401</postal>
        </cntaddr>
        <cntaddr>
          <addrtype>mailing and physical</addrtype>
          <address>Box 25046 Denver Federal Center</address>
          <city>Lakewood</city>
          <state>CO</state>
          <postal>80225</postal>
        </cntaddr>
        <cntvoice>1-888-ASK-USGS (1-888-275-8747)</cntvoice>
        <cntemail>http://www.usgs.gov/ask/</cntemail>
        <hours>Monday through Friday 8:00 AM to 4:00 PM</hours>
        <cntinst>Metadata information can also be obtained through online services using The National Map Viewer, at http://nationalmap.usgs.gov or EarthExplorer, at http://earthexplorer.usgs.gov or Ask USGS at http://www.usgs.gov/ask.</cntinst>
      </cntinfo>
    </distrib>
    <resdesc>Downloadable Data</resdesc>
    <distliab>No liability for content or accuracy is presumed by USGS for data.</distliab>
    <stdorder>
      <digform>
        <digtinfo>
          <formname>FileGDB</formname>
          <formvern>10.1</formvern>
          <formcont>Spatial objects with unique identifiers and coordinate data.</formcont>
          <filedec>No compression applied</filedec>
          <transize>1108190</transize>
        </digtinfo>
        <digtopt>
          <onlinopt>
            <computer>
              <networka>
                <networkr>ftp://rockyftp.cr.usgs.gov/vdelivery/Datasets/Staged/Struct/Shape/STRUCT_Alaska_State_Shape.zip</networkr>
              </networka>
            </computer>
          </onlinopt>
        </digtopt>
      </digform>
      <fees>None</fees>
    </stdorder>
  </distinfo>
  <metainfo>
    <metd>20171118</metd>
    <metrd>20171118</metrd>
    <metfrd>20181118</metfrd>
    <metc>
      <cntinfo>
        <cntorgp>
          <cntorg>U.S. Geological Survey, National Geospatial Technical Operations Center</cntorg>
        </cntorgp>
        <cntaddr>
          <addrtype>mailing and physical</addrtype>
          <address>1400 Independence Road</address>
          <city>Rolla</city>
          <state>MO</state>
          <postal>65401</postal>
        </cntaddr>
        <cntaddr>
          <addrtype>mailing and physical</addrtype>
          <address>Box 25046 Denver Federal Center</address>
          <city>Lakewood</city>
          <state>CO</state>
          <postal>80225</postal>
        </cntaddr>
        <cntvoice>1-888-ASK-USGS (1-888-275-8747)</cntvoice>
        <cntemail>http://www.usgs.gov/ask/</cntemail>
        <hours>Monday through Friday 8:00 AM to 4:00 PM</hours>
        <cntinst>Metadata information can also be obtained through online services using The National Map Viewer, at http://nationalmap.usgs.gov or EarthExplorer, at http://earthexplorer.usgs.gov or Ask USGS at http://www.usgs.gov/ask.</cntinst>
      </cntinfo>
    </metc>
    <metstdn>FGDC Content Standard for Digital Geospatial Metadata</metstdn>
    <metstdv>FGDC-STD-001-1998</metstdv>
  </metainfo>
</metadata>